"|","A","C","D","E","F","G","H","I","K","L","M","N","P","Q","R","S","T","V","W","Y"
"UP000000278_766194.txt","0.2508911965282083","0.9001800360072014","0.4060665362035225","0.49664877044939815","0.44460775307734707","0.36250883472789036","0.40529681003458995","0.42613296306049653","0.5755081226779339","0.5765335708942994","0.3727648669112936","0.42833607907743","0.2961010774358577","0.426560500497654","0.4221551286504395","0.583349597727322","0.4607359839577937","0.43337180687732746","0.36883871688834247","0.30330721521202336"
"UP000000339_867696.txt","3.1201565406075638","2.7605521104220845","3.7157534246575343","3.6030028856213288","3.7369097923939005","3.669546977953079","3.186471471996087","3.6460702401187426","3.6570262985357322","3.2179986048896096","4.088764633933252","3.6872847087015126","2.8819471358809396","3.6867014685868655","3.2249445587410155","3.3591395051287054","3.4173241504434286","3.751170539428123","3.7107410305130215","3.6552407987090003"
"UP000000344_10254.txt","2.128216057036578","5.826165233046609","4.634295499021526","3.5524182886311118","4.872313062649274","2.5922801577711407","4.108871108626532","6.4662086136314665","5.09336830091547","4.190373738307547","4.694507542664104","5.8559233188557736","2.9904658553600494","2.5776441672929655","3.270366313089481","4.76113026695292","4.12513875792263","3.805614233759446","2.319213144070638","5.723951548616647"
"UP000000354_227859.txt","0.19373837569745817","0.3250650130026005","0.17245596868884538","0.17244748973937438","0.2278155428991365","0.18467431203118945","0.19915446699975545","0.21186947882502216","0.18576528010490276","0.2420432484220965","0.20385578659211367","0.19619589636064103","0.1891326253778777","0.28437366699843597","0.18302295134528548","0.2255329299763624","0.2387233077501522","0.1949084257061347","0.18441935844417123","0.17304065483250053"
"UP000000356_12081.txt","0.15595939243645382","0.21004200840168036","0.1431017612524462","0.12761114240713703","0.15432665809296345","0.16187501424956113","0.178190838894518","0.15920135979507313","0.15055486753599961","0.1504366023179003","0.19511911002388024","0.17522839598622134","0.18448182311448727","0.1645304787633808","0.12824965933684238","0.16372823281937848","0.20291481158762936","0.15026459635445025","0.1564770314071756","0.19053914801780958"
"UP000000360_11090.txt","0.23636081835089895","0.3200640128025605","0.19324853228962818","0.2414264856351241","0.2131177659379019","0.3431294316135063","0.28650291743824463","0.21067247611979606","0.2343313664068381","0.2622135191239379","0.37567709243403813","0.18571214617343118","0.2108363692736997","0.18890536450610387","0.28054612979934274","0.23312298050441305","0.23633607467265066","0.31141793157516495","0.4750195596289259","0.1535978846266016"
"UP000000407_1002921.txt","0.1356168629882207","0.22504500900180036","0.15655577299412915","0.12186289274915788","0.19107110049604997","0.18125441736394518","0.1677090248418993","0.15321634626894257","0.1590539326388383","0.16808558918201147","0.19511911002388024","0.17972143178073985","0.1891326253778777","0.20109280737746543","0.12290592353114062","0.16806540454969315","0.2136573604363862","0.17639756963348505","0.18441935844417123","0.20220481014134895"
"UP000000518_11108.txt","0.28770148791072536","0.5301060212042409","0.14921722113502936","0.13565869192830785","0.16351276869373507","0.30893048494106384","0.24108172321023028","0.1568073543846209","0.12384352006993517","0.27061779858303847","0.16890908031917992","0.13628875243372773","0.3488101697542826","0.17671792163474231","0.26585085633366284","0.25047166742567173","0.2709509542964227","0.2765739672031185","0.4191349055549346","0.19248342503839946"
"UP000000569_371094.txt","0.2983570985740856","0.5651130226045209","0.22504892367906068","0.24832438522469907","0.20944332169759325","0.24167255648526023","0.356381677789036","0.2010964544779871","0.26225686603045095","0.24960709993528704","0.2679247480924923","0.21866107533323348","0.3519107045965429","0.28031118604131544","0.28054612979934274","0.25914601088630107","0.3175019993077024","0.3277510398745617","0.2235386162959651","0.25858884373845586"
"UP000000570_11033.txt","0.3293552386856789","0.550110022004401","0.24094911937377692","0.21498453720842003","0.21679221017821054","0.24053259159617885","0.37385136787673384","0.189126427425726","0.27439838760593477","0.24540496020573677","0.235890267342303","0.1917028605661225","0.3488101697542826","0.24171761694867056","0.2698586581879392","0.2483030815605144","0.31988923238520395","0.3419064004007056","0.2235386162959651","0.25858884373845586"
"UP000000571_11045.txt","0.7923899566026038","1.0802160432086416","0.3913894324853229","0.39547957646896525","0.36009553555024804","0.7614965459063862","0.8315572481744175","0.1819444111943693","0.17483791068696727","0.5790548547320296","0.27374919913798124","0.19020518196794967","1.5533679559724052","0.6378095102679207","0.9351537659978091","0.573590961334114","0.47864023203905515","0.5455258171998519","0.7823851570358779","0.30330721521202336"
"UP000000670_122962.txt","0.09977526348419095","0.23004600920184035","0.16267123287671234","0.13335939206511618","0.17637332353481536","0.14135564624609562","0.19216659096467628","0.1747623949630126","0.19305019305019305","0.15884088177700084","0.1863824334556468","0.1632469672008387","0.15347647469188436","0.1685929597205013","0.09351537659978092","0.18324550560579447","0.19097864620012175","0.15570896578758248","0.15088856599977646","0.17109637781191064"
"UP000000730_205877.txt","4.453076565406076","1.985397079415883","4.060665362035225","3.4960854419829164","2.6676465184640823","4.286267982946125","4.091401418538835","2.4107634483253935","2.169689905538962","2.974274500575693","3.436426116838488","2.39029504268384","4.16866909541896","3.9446690093640187","4.315066663104177","2.7801270791316983","3.5951730147172922","3.6422831507654783","4.945791885548228","2.791981801567087"
"UP000000826_524364.txt","0.189863608183509","0.16503300660132028","0.1651174168297456","0.1586516905602244","0.16902443505419804","0.24167255648526023","0.19915446699975545","0.14962533815326423","0.14812656322090284","0.1739685848033819","0.20094356106936923","0.15875393140632021","0.25579412448647393","0.23765513599155003","0.1776792155395837","0.2038470713247891","0.18978502966137098","0.18946405627300247","0.2235386162959651","0.1224894522971633"
"UP000000832_649604.txt","0.36229076255424675","0.3750750150030006","0.478228962818004","0.363289378384282","0.4097005327944148","0.3636487996169718","0.4751755703853814","0.4799980847956717","0.47594764575896653","0.4588736584668913","0.46304385811637255","0.6005691178673057","0.3038524145415084","0.363592045662286","0.37138963849627277","0.4727517186042981","0.41060408933026177","0.5106818528278055","0.20118475466636862","0.4919020862092431"
"UP000000840_10760.txt","1.1420877247365158","0.7751550310062013","0.9919275929549902","1.0657254865893335","0.8469593973911446","1.0932263286290782","0.8979420705076692","0.819946853079888","1.0635972900123845","0.8933749065023909","1.1823635622342594","0.8836303729219709","0.6883187349817844","0.981089151144604","0.9992785956662302","0.8544228308719883","0.8796953890593108","0.9092096953330865","1.140046943109422","0.824373456730115"
"UP000000842_204270.txt","0.12496125232486051","0.11002200440088017","0.07338551859099804","0.06208109630617477","0.07165166268601875","0.10601673468457172","0.09783026449110793","0.07062315960834072","0.09348971613122556","0.0966492137796566","0.10775234434154582","0.07188857271229594","0.09146577784667856","0.09749954297089233","0.12156998957971517","0.0628889900895626","0.0883276238675563","0.10344301922951284","0.11176930814798255","0.07971535784418564"
"UP000000869_10280.txt","0.16467761934283945","0.2950590118023605","0.14432485322896282","0.16095099042341607","0.1506522138526548","0.19721392581108504","0.2655392893330072","0.12807928945919417","0.1529831718510964","0.20422399085614396","0.14561127613722408","0.16174928860266585","0.23874118285404233","0.12999939062785643","0.20439789456809257","0.1724025762800078","0.2005275785101278","0.17857531740673796","0.09500391192578518","0.1555421616471915"
"UP000000870_647330.txt","0.23636081835089895","0.3250650130026005","0.11252446183953034","0.11841394295437038","0.1230938820503399","0.17213469825129385","0.1677090248418993","0.06822915419788848","0.05220854277458051","0.16136216561473102","0.13105014852350166","0.07338625131046878","0.12557166111154175","0.08124961914241027","0.21642130013092153","0.13770520243749051","0.10861910502631925","0.17639756963348505","0.10618084274058343","0.08554818890595532"
"UP000000942_868565.txt","2.8198620582765033","4.915983196639328","2.208904109589041","2.462550153478266","2.948741502847694","2.6982968924557125","3.6686349184165477","2.0899667233247947","1.7495932590272212","3.36591392336978","2.2831848098316736","1.8556237831361388","4.126811875048446","3.473421218338039","3.0178747962700725","3.156376726736495","3.025817925733179","2.925804133365274","2.6377556722923883","2.2145315264518888"
"UP000001061_11927.txt","0.05812151270923745","0.055011002200440084","0.07583170254403132","0.05863214651138729","0.11574499356972257","0.1048767697954903","0.12578176863142448","0.052668119029949015","0.054636847089677275","0.06639380772689453","0.061156735977634116","0.13778643103190055","0.1348732656383226","0.150311795413459","0.07214043337697384","0.1257779801791252","0.11816803733632533","0.0685990548574664","0.13412316977757907","0.10693523613244414"
"UP000001063_298339.txt","0.19373837569745817","0.28505701140228046","0.19202544031311156","0.2529229849510824","0.1598383244534264","0.24965231070883018","0.3284301736487195","0.25376457350793613","0.2598285617153541","0.2765007942044089","0.18347020793290233","0.26359143327841844","0.4154716688628789","0.42046677906197316","0.24313997915943034","0.265651768481773","0.25424032275391206","0.2373745072845663","0.37442718229574157","0.28969727606789414"
"UP000001098_292349.txt","","","","","","","","","","","","","","","","","","","",""
"UP000001119_450149.txt","0.303200557966522","0.33006601320264056","0.4366438356164384","0.3713369279054528","0.47951497336027926","0.22799297781628328","0.331924111666259","0.5709702903928563","0.4613778198683859","0.4723205056014522","0.5154639175257731","0.6245319754380709","0.30850321680489884","0.5139038410757449","0.37539744035054906","0.4901004055255568","0.44999343510903683","0.3821947342058843","0.36325025148094336","0.565784612991659"
"UP000001151_442493.txt","2.2434903905765653","1.6403280656131225","3.186154598825832","4.293942494510421","2.910159838324453","2.9889879391714733","2.173229446909612","3.354001580043571","4.062553119156893","3.07428542613899","3.1422913390412957","3.6768009585143027","1.9533369506239826","2.943267453433812","2.2563924439575707","2.8386788974909463","3.170245526922021","3.2448441821468235","2.5539286911814014","3.8360585616238603"
"UP000001156_12355.txt","1.1769606323620583","0.9651930386077214","1.1313600782778865","1.1393030822114667","1.0619143854492008","1.2277421855406854","0.9433632647356835","1.2053817241626967","1.2687890046380612","0.8101725398572953","1.3425359659852059","1.1292496630223154","0.7642818386171615","1.1517133513436657","1.004622331471932","1.0864615184438229","1.0062187421668916","1.1531174459374116","1.1735777355538168","1.0149126047479244"
"UP000001179_1283337.txt","1.2050526968381898","0.5301060212042409","0.8818493150684932","1.0013450904199672","0.6173066323718538","0.9826497343881808","0.9014360085252088","0.6332144310646142","0.5305844928486437","0.8160555354786656","0.8183353718911993","0.5571364385202935","0.7844353150918533","1.0014015559302065","1.2303951692628317","0.7026218203109752","0.7424294871029733","0.8656547398680285","1.1232815468872248","0.5910602142593276"
"UP000001207_10756.txt","0.33807346559206447","0.21004200840168036","0.478228962818004","0.4702068220226941","0.48135219548043356","0.4651056747452178","0.32144229761364035","0.4967561226688373","0.5512250795269663","0.4000437022531873","0.46304385811637255","0.6125505466526883","0.26664599643438497","0.42046677906197316","0.33531942180778584","0.4478129811549888","0.46909129972904906","0.4562381584964829","0.4303118363697329","0.5230105185386814"
"UP000001466_1283338.txt","1.3522938623682579","1.4152830566113221","3.0332681017612524","3.5915063863053702","2.911997060444608","2.423565354187091","2.1592536948394536","3.425821742357138","4.57492532964231","2.807869767285502","2.5511095579241654","4.111127751984424","1.680489884505077","2.8112368223273956","1.8609559943356402","2.820245917637109","2.911230738013106","2.737428950978898","1.7994858611825193","4.053817587929928"
"UP000001573_46014.txt","0.1675836949783013","0.030006001200240048","0.23238747553816047","0.19773978823448263","0.2957927613448466","0.20405371514557352","0.178190838894518","0.39022288190371307","0.28775406133896697","0.25380923966483737","0.1863824334556468","0.3474614347760971","0.14727540500736377","0.22140521216306797","0.14962460255964943","0.23312298050441305","0.24946585659890905","0.24499662449095147","0.26265787414775904","0.32663853945910215"
"UP000001590_10685.txt","2.073000619962802","1.925385077015403","3.225293542074364","3.7271650782336776","2.5739481903362114","3.0402863591801372","2.609971699102058","3.0367958631586505","3.8755736868944415","2.694411994587644","3.188886947405207","2.8935150516699117","2.0556546004185723","2.667018748349617","2.37395463168301","2.740008240626288","2.867066926079328","3.1261569285045407","2.5036325025148094","3.3499893064763873"
"UP000001650_12456.txt","0.19761314321140733","0.3150630126025205","0.20425636007827788","0.20348803789246175","0.286606650744075","0.21887325870363195","0.20963628105237414","0.2166574896459266","0.2124766275709672","0.2554900955566574","0.24171471838779196","0.1722330387898757","0.30230214712037823","0.23765513599155003","0.20039009271381622","0.19625702079673846","0.2936296685326872","0.22648576841830179","0.3520733206661451","0.23136896545019733"
"UP000001711_10710.txt","1.4036345319280843","0.9001800360072014","1.0041585127201567","1.0887184852212501","0.9369832812787067","1.103486012630811","0.9223996366304462","0.8941610208039069","0.9725358781962555","0.9387580155815342","1.1881880132797484","0.8686535869402425","0.8852026974653128","1.2268692490503952","1.2170358297485773","1.1038102053650813","1.0706740352594326","1.021363705655611","1.3356432323683916","0.8496490579977836"
"UP000001713_1289570.txt","0.7739848109113453","0.4450890178035607","0.6653620352250489","0.7760137038271846","0.7955171780268234","0.7022183716741525","0.663848223332518","0.7600967178185823","0.9324688569971589","0.7378957365090304","0.634865163958297","0.8641605511457241","0.4867839702348655","0.9404643415733988","0.6145296176557031","0.6614186888729859","0.6612635624679216","0.642435593109606","0.7209120375544875","0.6610541870005638"
"UP000001721_194966.txt","0.10268133911965283","0.10502100420084018","0.12720156555772996","0.12761114240713703","0.12125665993018556","0.16415494402772396","0.1222878306138849","0.13526130569055086","0.12262936791238678","0.102532209401027","0.1106645698642903","0.10783285906844392","0.09921711495232928","0.1218744287136154","0.09485131055120635","0.09975494979723723","0.08713400732880555","0.1067096408893922","0.15088856599977646","0.08360391188536542"
"UP000001764_185959.txt","0.0842761934283943","0.060012002400480095","0.1223091976516634","0.11381534322798707","0.3325372037479331","0.11855634846446729","0.0663848223332518","0.23341552751909217","0.27318423544838644","0.17648986864111207","0.13105014852350166","0.2770705406619739","0.08061390589876755","0.15437427637057952","0.08416383893980281","0.13662090950491185","0.11339357118132229","0.14482022692131796","0.3073655974069521","0.26247739777963564"
"UP000001765_194699.txt","1.8114538127712336","0.5251050210042009","1.0653131115459882","0.8921283469183633","0.7881682895462061","1.2824605002165934","0.8560148142971944","0.6499724689377798","0.6908525776450305","0.9816198408229471","0.8794921078688335","0.703908941141231","0.9921711495232928","1.2471816538359977","1.21035615999145","0.7340663153557565","0.9942825767793838","0.9897863629434438","1.2518162512574047","0.7291038827212102"
"UP000001770_215158.txt","0.0726518908865468","0.020004000800160033","0.050146771037182","0.047135647195428995","0.031232776042623554","0.050158455119582314","0.013975752070158274","0.0430920973881401","0.04978023845948374","0.03781925756595258","0.05533228493214515","0.028455893365283813","0.03875668552825363","0.05484349292112693","0.04542175434846501","0.0281916162470453","0.04058296231752587","0.03702171214529933","0.044707723259193026","0.025275601267668618"
"UP000001785_1283340.txt","5.009105703657781","4.630926185237048","6.054305283757339","6.434590667141856","5.7964357890869005","4.9428877590570215","5.932706753782188","5.870101266428862","5.940846506884243","4.661853815963089","6.118585823286155","5.6192901003444655","3.585768545074025","5.100444841664805","4.904213535682795","4.835946479300848","5.297270198975877","5.496635379690324","5.588465407399128","6.0117045476639515"
"UP000001789_10752.txt","1.8085477371357719","1.0152030406081216","1.5692270058708415","1.6543462515663978","1.4348704758405293","1.607350493604797","1.4464903392613815","1.5776495654880178","1.7920885845414145","1.5253767218267542","1.9104199429203796","1.8436423543507563","1.401441748701651","1.9560845808535274","1.2691372538541694","1.3792206102400624","1.728356748111102","1.6354885777129295","1.6206549681457472","1.5690315556160441"
"UP000001832_75723.txt","0.09590049597024179","0.11502300460092017","0.1149706457925636","0.07587689548532472","0.12125665993018556","0.11399648890814164","0.06987876035079138","0.10653324076512413","0.0764915859255482","0.11093648886012758","0.0640689615003786","0.10933053766661674","0.1271219285326719","0.06703093579248848","0.1456168007053731","0.14204237416780519","0.1002637892550639","0.10779851477601865","0.14530010059237733","0.11276806719421383"
"UP000001874_10315.txt","5.122442653440793","3.4756951390278052","2.5036692759295502","2.175137670579309","2.425133198603711","3.4324342810241446","3.4799622654694105","1.2748078810658112","0.7661300114130303","3.1558069368922657","1.8463509814200012","1.2086266287254754","5.345322068056739","2.254676931201885","4.524808293477971","2.553509856222757","2.596115971782905","2.9475816110978026","2.5427517603666034","1.8742830478486576"
"UP000002006_490103.txt","0.2412042777433354","0.38507701540308065","0.2800880626223092","0.2460250853615074","0.2663972074223774","0.2906910467157612","0.20264840501729497","0.28249263843336286","0.36788810373716035","0.24540496020573677","0.38732599452501604","0.32799161299985025","0.17518021858770638","0.2660925026913937","0.23913217730515404","0.288421920065925","0.2578211723701644","0.3277510398745617","0.2961886665921538","0.22553613438842765"
"UP000002060_587200.txt","1.9402898326100433","5.466093218643729","4.23312133072407","3.2443121069634295","4.587543634025354","2.3802466884019973","3.8538136333461446","5.967058485552177","4.8092566960491485","3.939926210426349","4.272234841866155","5.56836902800659","2.7548252073482677","2.482175864800634","3.0152029283672213","4.481382690347624","3.9353537282612585","3.5823950870010237","2.000670615848888","5.443975657651702"
"UP000002082_484895.txt","1.089778363298202","0.7751550310062013","1.012720156555773","1.1266569329639124","0.9590299467205585","1.295000113996489","0.9957723349987772","0.8379018936582796","0.9433962264150944","0.9438005832569945","1.0833478944609471","0.8911187659128352","0.9146577784667854","1.1151510227295809","1.0727549629946296","0.858760002602303","0.8522422086680433","1.0398745617282605","1.3132893707387951","0.8515933350183734"
"UP000002083_462590.txt","1.875387476751395","0.8851770354070815","1.3319471624266146","1.460055413126703","1.2346132647437076","1.6723284922824377","1.21589043010377","0.9587991668861172","1.0138170515529006","1.3261952986460706","1.15032908148407","1.0363935899355998","1.4696535152313774","1.470618106477626","1.705987655970289","0.9595992453321189","1.1995846214445147","1.3306038894575232","2.095674527774673","1.0926836855715203"
"UP000002098_169683.txt","5.061415065096094","4.220844168833767","6.955724070450097","6.221905429796627","6.277787984567334","5.467271608034473","6.048006708360994","7.518373991525221","6.698477453194434","6.051081210552414","6.7155920554487745","7.834356747042085","5.303464847686226","5.888566147346184","5.363774814973148","5.6068787543642795","6.3536208357703","6.368823362878112","6.180842740583436","7.166605097894347"
"UP000002101_10855.txt","0.06974581525108493","0.07501500300060011","0.09540117416829745","0.087373394801283","0.1028844387286423","0.10259684001732747","0.10831207854372664","0.11371525699648082","0.14812656322090284","0.10421306529284712","0.11940124643252373","0.12280964505017225","0.08681497558328813","0.11171822632081413","0.12156998957971517","0.10842929325786654","0.08355315771255326","0.09146540647662188","0.14530010059237733","0.11471234421480372"
"UP000002107_10726.txt","0.15402200867947924","0.14502900580116024","0.18590998043052837","0.15175379097064945","0.14881499173250046","0.14705547069150268","0.20614234303483456","0.17715640037346483","0.16026808479638668","0.1378301831292494","0.17764575688741335","0.1123258948629624","0.08681497558328813","0.16249923828482055","0.09351537659978092","0.17782404094290113","0.14084675157258977","0.15679783967420893","0.19559628925896946","0.16526354675014096"
"UP000002111_10870.txt","0.1162430254184749","0.12002400480096019","0.13331702544031312","0.08047549521170803","0.19658276685651294","0.18353434714210803","0.06289088431571224","0.1304732948696464","0.13112843301522548","0.16472387739837124","0.09901566777331236","0.16174928860266585","0.13332299821719248","0.15843675732770002","0.09217944264835547","0.21252141478541844","0.1289105861850822","0.16115333522071473","0.10059237733318431","0.15165360760601168"
"UP000002123_31757.txt","1.472411655300682","0.8051610322064412","1.2340998043052838","1.2692135244817953","0.9700532794414845","1.4352157953535032","1.2682995003668636","0.9312681046659166","0.9446103785726427","1.069864775143503","1.1590657580523034","0.7967650142279468","1.3068754360127122","1.161869553736467","1.3639885644053757","0.8544228308719883","1.1029016818057031","1.2282497441146365","1.7603666033307253","0.9254758618007893"
"UP000002124_10719.txt","1.4908168009919405","0.6151230246049211","1.053082191780822","0.8668360484232551","0.7146794047400331","1.2437016939878252","0.7477027357534677","0.525484187594264","0.6689978388091595","0.8034491162900149","0.7367930572543537","0.5361689381458739","1.0448802418417178","0.609372143568077","1.135543858711625","0.7405720729512285","1.0062187421668916","1.0736296522136806","1.3635855594053872","0.6727198491241032"
"UP000002125_10857.txt","0.08718226906385618","0.11002200440088017","0.12475538160469668","0.09197199452766633","0.17637332353481536","0.11285652401906023","0.09783026449110793","0.08139618395537575","0.10805954202180616","0.13110675956196896","0.10484011881880134","0.10783285906844392","0.11316952174250058","0.12796815014929616","0.15630427231677665","0.1604753540216425","0.08355315771255326","0.1371981097149328","0.09500391192578518","0.18665059397662978"
"UP000002127_329852.txt","0.09008834469931805","0.06501300260052009","0.06237769080234834","0.05403354678500397","0.09737277236817932","0.09233715601559472","0.0559030082806331","0.07062315960834072","0.05706515140477405","0.08824493432055604","0.0640689615003786","0.07039089411412311","0.08371444074102784","0.09749954297089233","0.11088251796831164","0.11168217205560255","0.09071485694505782","0.08602103704348962","0.12853470437017994","0.08360391188536542"
"UP000002132_40631.txt","1.3542312461252326","0.8201640328065612","1.049412915851272","1.0818205856316752","0.8487966195112989","1.1901233442009986","0.7407148597183886","0.9013430370352636","0.8911876836405139","0.9757368452015766","1.0804356689382026","0.8686535869402425","0.9053561739400047","1.2167130466575937","1.1849734149143667","1.0582699021967774","1.01934852409315","0.9919641107166968","1.3579970939979882","0.8904788754301713"
"UP000002136_10661.txt","0.2828580285182889","0.13002600520104018","0.23605675146771038","0.22763068645597415","0.21679221017821054","0.25193224048699303","0.15373327277174104","0.21905149505637883","0.2707559311332896","0.22943682923344566","0.2824858757062147","0.2471169686985173","0.14727540500736377","0.2579675407771526","0.20840569642236886","0.20818424305510375","0.21604459351388774","0.22975239007818116","0.2235386162959651","0.17692920887368033"
"UP000002143_10658.txt","0.5308431494110353","0.20004000800160032","0.2776418786692759","0.2966096823517239","0.376630534631637","0.4822051480814391","0.1677090248418993","0.3962078954298437","0.3168937131201282","0.321883903283552","0.38441376900227153","0.36842893515051667","0.3860165878614061","0.42046677906197316","0.24848371496513214","0.2970962635265543","0.3306317812339608","0.3506173914937172","0.3353079244439477","0.3616355258297202"
"UP000002241_11706.txt","0.21408090514569125","0.2950590118023605","0.1590019569471624","0.2885621328305531","0.1506522138526548","0.28385125738127265","0.3144544215785612","0.28728064925426733","0.303538039387096","0.23952196458436636","0.19803133554662472","0.24412161150217165","0.31160375164715914","0.4367167028904552","0.2979132711678734","0.2201114653134691","0.3019849843039425","0.22757464230492827","0.5029618866659216","0.16526354675014096"
"UP000002319_650129.txt","0.18405145691258526","0.1850370074014803","0.14554794520547945","0.14830484117586196","0.2480249862208341","0.16301497913864255","0.14325145871912232","0.11491225970170693","0.15055486753599961","0.16640473329019137","0.15726017822820199","0.16474464579901155","0.2418417176963026","0.21937397168450773","0.16832767787960562","0.18975126320126645","0.21962544313014004","0.19817504736601407","0.18441935844417123","0.1555421616471915"
"UP000002327_11285.txt","0.17145846249225047","0.28005601120224044","0.2446183953033268","0.25867123460906155","0.27007165166268604","0.2462324160415859","0.3039726075259425","0.2860836465490412","0.29382482212670896","0.2924689251767","0.2824858757062147","0.23513553991313463","0.27749786838229595","0.2945298693912372","0.25516338472225936","0.3578166677509596","0.2387233077501522","0.2036194167991463","0.3800156477031407","0.21581474928547817"
"UP000002331_11171.txt","0.07943273403595785","0.10002000400080016","0.09295499021526418","0.10461814377522044","0.1028844387286423","0.08321743690294339","0.09084238845602878","0.1388523138062292","0.10805954202180616","0.12102162421104826","0.10192789329605684","0.09585143028306126","0.12557166111154175","0.12390566919217566","0.09217944264835547","0.16155964695422115","0.09071485694505782","0.07948779372373092","0.11176930814798255","0.08165963486477554"
"UP000002418_145579.txt","0.10752479851208928","0.05001000200040008","0.09784735812133072","0.0908223445960705","0.1451405474921918","0.11057659424089739","0.1677090248418993","0.09815422182854133","0.14691241106335448","0.11850034037331811","0.12231347195526823","0.15126553841545604","0.1441748701651035","0.20921776929170646","0.12691372538541695","0.13228373777459718","0.16471908234760502","0.06424355931096061","0.13412316977757907","0.10110240507067447"
"UP000002472_79692.txt","0.18308276503409796","0.3950790158031606","0.2654109589041096","0.26901808399342403","0.2957927613448466","0.19721392581108504","0.3878271199468921","0.49795312537406333","0.4358806245598698","0.41685226117138846","0.3174325819791485","0.5361689381458739","0.2526935896442136","0.27827994556275515","0.2070697624709434","0.4185370719753649","0.4189594051015171","0.2460854983775779","0.20677322007376775","0.3558026947679505"
"UP000002473_11622.txt","0.17242715437073777","0.38507701540308065","0.237279843444227","0.21383488727682423","0.281094984383612","0.2177332938145505","0.3004786695084029","0.22982451940341386","0.271970083290838","0.30927748409490113","0.3319937095928709","0.23214018271678896","0.21238663669482985","0.24984257886291159","0.2124134982766452","0.307939192852341","0.22320629274639228","0.2155970295520373","0.2235386162959651","0.2527560126766862"
"UP000002474_11624.txt","0.13077340359578424","0.4600920184036807","0.237279843444227","0.25177333501948657","0.3288627595076245","0.20405371514557352","0.2655392893330072","0.22024849776160496","0.28653990918141864","0.33617117836402294","0.27666142466072574","0.2531076830912086","0.17518021858770638","0.229530174077309","0.24313997915943034","0.3198664151107063","0.1957531123551248","0.21777477732529016","0.20677322007376775","0.18276203993545"
"UP000002476_35304.txt","0.18792622442653442","0.5401080216043208","0.2629647749510763","0.27936493337778645","0.38214220099209995","0.19949385558924787","0.32144229761364035","0.40578391707165257","0.3776013209975474","0.3235647591753721","0.320344807501893","0.3369776845888872","0.19998449732578868","0.2681237431699539","0.20840569642236886","0.3122763645826557","0.3163083827689516","0.24826324615083079","0.2347155471107634","0.311084323294383"
"UP000002477_11589.txt","0.24701642901425913","0.5701140228045609","0.23850293542074363","0.27936493337778645","0.33621164798824177","0.27587150315770276","0.331924111666259","0.2765076249072323","0.28046914839367665","0.3042349164194408","0.3582037392975712","0.21267036094054217","0.2650957290132548","0.24781133838435132","0.28054612979934274","0.36649101121158895","0.22081905966889076","0.28310721052287724","0.2570694087403599","0.20998191822370849"
"UP000002500_11059.txt","0.18308276503409796","0.36007201440288056","0.2446183953033268","0.24257613556671995","0.19474554473635863","0.25877202982148145","0.22710597114007197","0.30044767901175456","0.24890119229741872","0.24036239253027641","0.33781816063835984","0.28156357645649244","0.2061855670103093","0.19499908594178467","0.26585085633366284","0.23312298050441305","0.2530467062151613","0.21233040789215793","0.3856041131105398","0.28969727606789414"
"UP000002602_10338.txt","2.5796264724116553","3.855771154230846","2.3030821917808217","2.0969614752307923","2.735623736909792","2.4463646519687194","3.298277488557353","2.446673529482177","1.5516864573468347","2.9305722473883704","2.207466946240317","2.2450202186610753","3.243159445004263","2.5613942434644836","3.059288748764261","2.843016069221261","3.173826376538273","2.677540887214443","2.129205320219068","2.395349289366749"
"UP000002610_10879.txt","0.4020071295722257","0.14502900580116024","0.24828767123287673","0.2103859374820367","0.24435054198052542","0.2895510818266797","0.20963628105237414","0.21306648153024826","0.20033510599548338","0.2891072133930597","0.2591880715242588","0.17522839598622134","0.27439733354003565","0.2640612622128334","0.26184305447938655","0.26782035434693036","0.24469139044390598","0.3037958143687798","0.31854252822175033","0.21775902630606808"
"UP000002611_10677.txt","1.1546807191568504","0.7151430286057211","0.8476027397260274","0.8622374486968718","0.6485394084144773","1.021408540616949","0.6393906572097411","0.7469296880610949","0.6835676646997402","0.9000983300696714","0.9697710990739122","0.76681144226449","0.7332764901945585","1.0298389226300502","1.1448953963716033","0.7470778305467005","0.8546294417455448","0.8177442888564648","1.2741701128870013","0.6105029844652267"
"UP000005893_1217068.txt","0.16370892746435214","0.13002600520104018","0.14921722113502936","0.10691744363841212","0.16902443505419804","0.14477554091333986","0.12578176863142448","0.10892724617557635","0.14691241106335448","0.15295788615563047","0.17473353136466888","0.14527482402276473","0.1240213936904116","0.19906156689890514","0.15496833836535123","0.14854813176327716","0.15158930042134663","0.12957599250854765","0.1397116351849782","0.13221083740011275"
"UP000006372_10583.txt","0.13271078735275882","0.2350470094018804","0.1259784735812133","0.12761114240713703","0.16167554657358074","0.20633364492373638","0.17469690087697845","0.15441334897416867","0.12991428085767706","0.17144730096565172","0.1601724037509465","0.23214018271678896","0.24029145027517246","0.2579675407771526","0.13626526304539505","0.21794287944831175","0.23633607467265066","0.14373135303469153","0.1788308930367721","0.17692920887368033"
"UP000006624_648237.txt","0.09880657160570366","0.16003200640128026","0.08806262230919766","0.09312164445926215","0.12125665993018556","0.14705547069150268","0.178190838894518","0.07660817313447128","0.11898691143974163","0.12690461983241869","0.10775234434154582","0.13329339523738207","0.18758235795674755","0.15843675732770002","0.06011702781414487","0.1507167176284345","0.14323398465009132","0.13502036194167993","0.18441935844417123","0.13415511442070266"
"UP000006649_1283341.txt","0.622868877867328","1.0802160432086416","0.9540117416829745","1.3531379694882908","1.0453793863678118","0.8686532454800392","0.5555361447887914","1.4136601948720404","1.8224423884801242","0.980779412877037","0.9027899120507893","1.4138085966751535","0.4294240756530502","0.8043712295098617","0.6973575226440805","0.8533385379394097","0.9548932310006089","0.8591214965482697","0.7376774337766849","1.1276806719421384"
"UP000006675_31762.txt","0.02227991320520769","0.04500900180036007","0.029354207436399216","0.029890898221491553","0.027558331802314897","0.03077905200519824","0.0034939380175395686","0.029925067630652846","0.02185473883587091","0.029414978106852008","0.029122255227444813","0.028455893365283813","0.03410588326486319","0.03859356909264488","0.030726480882785154","0.0281916162470453","0.04416381193377815","0.02722184716566127","0.044707723259193026","0.03305270935002819"
"UP000006705_652674.txt","0.2702650340979541","0.28505701140228046","0.13209393346379647","0.12186289274915788","0.18004776777512402","0.20519368003465493","0.24108172321023028","0.11610926240693303","0.05706515140477405","0.19497928345113333","0.09610344225056788","0.10483750187209825","0.30075187969924816","0.17062420019906158","0.2377962433537286","0.18649838440353045","0.2100765108201339","0.19817504736601407","0.18441935844417123","0.13998794548247234"
"UP000006710_11034.txt","0.5308431494110353","0.7951590318063614","0.3779354207436399","0.4357173240748192","0.40235164431379755","0.38644809739860014","0.5695118968589498","0.36747983050441696","0.496588232437289","0.41685226117138846","0.4164482497524608","0.35045679197244267","0.6232075032943183","0.450935386240377","0.45421754348465015","0.4499815670201462","0.534740209360341","0.5161262222609377","0.32971945903654853","0.3966325122003383"
"UP000006716_11137.txt","0.8514801611903285","2.1654330866173233","0.8537181996086105","0.6277088626513226","1.3852654785963623","0.9495907526048197","0.7931239299814822","0.8151588422589834","0.9421820742575461","0.935396303797894","0.8037742442774769","1.106784484049723","0.6480117820324006","0.767808900895777","0.571779731210089","0.982369396916271","0.9298272836868429","1.4307802870271564","1.0059237733318431","1.1082379017362394"
"UP000006724_12098.txt","0.11721171729696218","0.21504300860172035","0.16022504892367906","0.13795799179149948","0.22046665441851918","0.15731515469323545","0.18168477691205756","0.16997438414210816","0.1651246934265802","0.16472387739837124","0.20968023763760268","0.15276321701362888","0.14882567242849393","0.18484288354898337","0.11756218772543885","0.1854140914709518","0.15755738311510045","0.17639756963348505","0.20118475466636862","0.15165360760601168"
"UP000006826_12538.txt","0.16177154370737756","0.3200640128025605","0.2568493150684931","0.2448754354299116","0.3013044277053096","0.23369280226169034","0.29698473149086335","0.28368964113858897","0.24040212719458","0.3193626194458218","0.2708369736152368","0.22914482552044332","0.2790481358034261","0.213280250248827","0.28321799770219364","0.37191247587448223","0.22678714236264458","0.243907750604325","0.3353079244439477","0.23525751949137713"
"UP000006934_446561.txt","0.15305331680099196","0.34506901380276056","0.24706457925636008","0.24257613556671995","0.275583318023149","0.2462324160415859","0.3284301736487195","0.30762969524311123","0.256186105242709","0.3017136325817106","0.2591880715242588","0.2096750037441965","0.288349740330207","0.2559363002985923","0.28054612979934274","0.3827554052002689","0.22798075890139535","0.2047082906857728","0.36325025148094336","0.2644216748002255"
"UP000007070_650130.txt","0.11818040917544947","0.23004600920184035","0.1541095890410959","0.11266569329639124","0.16718721293404373","0.15731515469323545","0.20264840501729497","0.1819444111943693","0.15541147616619316","0.14959617437199021","0.13396237404624614","0.14377714542459188","0.19068289279900785","0.1645304787633808","0.10821065006546077","0.20601565718994644","0.16949354850260806","0.16550883076722056","0.1564770314071756","0.17109637781191064"
"UP000007209_128952.txt","0.3283865468071916","0.4500900180036007","0.34491193737769077","0.349493579205132","0.46297997427889026","0.3556690453934019","0.5695118968589498","0.3914198846089392","0.3484616692163862","0.46559708203417177","0.2679247480924923","0.37891268533772654","0.4666304937601736","0.5626536125611912","0.38207711010767625","0.4564873246156182","0.4989317131978181","0.32230667044142947","0.4191349055549346","0.32080570839733247"
"UP000007462_204086.txt","0.04649721016738996","0.060012002400480095","0.13087084148727984","0.10921674350160375","0.14881499173250046","0.044458630674175235","0.10831207854372664","0.14124631921668143","0.14812656322090284","0.10925563296830747","0.10484011881880134","0.1812191103789127","0.04185722037051392","0.06906217627104873","0.07614823523125017","0.08565914167371458","0.08235954117380251","0.08493216315686317","0.0391192578517939","0.20803764120311863"
"UP000007640_10377.txt","4.378487290762554","4.710942188437688","2.564823874755382","2.851131830357656","2.911997060444608","4.538200223433118","4.370916459942001","1.8170501065332407","1.6524610864233507","4.063469118475128","2.4258838604461532","1.8586191403324848","7.844353150918533","4.172167942962767","4.821385630694419","4.089952941686726","3.315866744649614","3.354820444696095","3.26925226332849","2.2903583302548944"
"UP000007663_335103.txt","0.3167622442653441","0.3500700140028006","0.42318982387475534","0.38283342722141106","0.4740033069998163","0.25421217026515586","0.36686349184165473","0.557803260635369","0.47716179791651486","0.41685226117138846","0.46304385811637255","0.5646248315111577","0.32090535617394","0.4529666267189373","0.3794052422048254","0.4890161125929781","0.42612110433402167","0.3647727520198611","0.24589247792556165","0.4374623296327261"
"UP000007664_31567.txt","0.2886701797892126","0.3950790158031606","0.3852739726027397","0.36099007852109033","0.44277053095719276","0.2462324160415859","0.356381677789036","0.5925163390869262","0.46016366771083755","0.37987343155134595","0.5154639175257731","0.6395087614197994","0.2511433222230835","0.38796693140500904","0.33665535575921124","0.4868475267278208","0.4523806681865384","0.35170626538034366","0.3408963898513468","0.5755059980946086"
"UP000007771_33727.txt","0.2576720396776193","0.40008001600320064","0.2984344422700587","0.29775933228331974","0.376630534631637","0.27473153826862134","0.4891513224555396","0.37226784132532137","0.3266069303805153","0.453831090791431","0.2591880715242588","0.4313314362737757","0.4216727385473994","0.4874977148544616","0.30192107302214977","0.4619087892785115","0.3855381420164958","0.2613297327903482","0.3353079244439477","0.29941866117084365"
"UP000007960_10754.txt","1.136275573465592","0.8101620324064813","0.9075342465753424","0.9369646942506006","0.8065405107477494","0.9701101206082853","0.7057754795429929","0.9528141533599866","0.9591802044632234","0.8168959634245758","1.0716989923699691","0.8941141231091808","0.7735834431439423","1.1192135036867015","0.9672161808320195","0.8240626287597858","0.7663018178779886","0.7916113155774298","1.0115122387392423","0.8321505648124745"
"UP000008091_10678.txt","2.525379727216367","1.5503100620124026","2.096379647749511","2.146396422289413","1.8978504501194193","2.0827158523517473","1.760944760839943","2.031313590768715","2.0604162113596076","2.0598888954255505","2.1521346613081715","1.9829264639808295","1.6928920238741183","2.3013954622087707","2.245704972346167","2.03088066271984","1.9193353943112237","1.9044404277096627","1.9839052196266904","1.681799622810258"
"UP000008125_1283339.txt","1.9577262864228144","0.9401880376075216","1.5521037181996087","1.6704413506087397","1.5010104721660849","1.6734684571715193","1.198420740016072","1.4687223193124417","1.3137126344673515","1.2774504777832871","1.4735861145087075","1.258050022465179","1.4386481668087745","1.5721801304056389","1.6832767787960563","1.4117493982174223","1.258071831843302","1.4209804220475184","1.7380127417011288","1.133513503003908"
"UP000008158_107412.txt","0.11043087414755115","0.2550510102020404","0.21159491193737767","0.22188243679799502","0.18372221201543268","0.14819543558058412","0.20264840501729497","0.2010964544779871","0.2950389742842573","0.15463874204745057","0.23006581629681405","0.23363786131496178","0.2061855670103093","0.2559363002985923","0.2070697624709434","0.23637585930214905","0.1838169469676172","0.1219538753021625","0.09500391192578518","0.1885948709972197"
"UP000008167_10515.txt","1.0723419094854307","1.205241048209642","0.7632093933463796","0.8783325477392134","0.8047032886275951","0.9518706823829826","1.0516753432794104","0.5721672930980825","0.5524392316845147","0.9740559893097566","0.9289999417554895","0.7698067994608357","1.4929075265483296","1.0745262131583757","1.4534961391508803","1.0354997506126256","0.9274400506093412","0.8612992443215226","0.9388621884430536","0.7154939435770808"
"UP000008286_11553.txt","0.27801456912585243","0.46509301860372076","0.25073385518590996","0.3874320269477944","0.33804887010839607","0.29183101160484254","0.19566052898221586","0.35910081156783413","0.4346664724023215","0.31263919587854133","0.471780534684606","0.3190055414108133","0.2588946593287342","0.2640612622128334","0.3179522804392551","0.32203500097586363","0.2804998866064288","0.22975239007818116","0.2850117357773555","0.20803764120311863"
"UP000008294_648250.txt","0.10074395536267824","0.1350270054010802","0.11619373776908024","0.1391076417230953","0.13595443689142017","0.13451585691160714","0.13975752070158276","0.1304732948696464","0.13234258517277386","0.11345777269785776","0.13105014852350166","0.18870750336977685","0.13797380048058291","0.15437427637057952","0.10687471611403532","0.1604753540216425","0.14800845080509437","0.09582090202312768","0.1564770314071756","0.1535978846266016"
"UP000008469_648242.txt","0.19083230006199628","0.24004800960192038","0.19814090019569472","0.18739293885012012","0.21679221017821054","0.1892341715875151","0.2236120331225324","0.1556103516793948","0.22461814914645103","0.14791531848017012","0.16308462927369097","0.22165643252957914","0.25734439190760405","0.29859235034835774","0.17901514949100916","0.23095439463925574","0.23036799197889685","0.20579716457239922","0.36325025148094336","0.16526354675014096"
"UP000008591_928302.txt","0.10268133911965283","0.2750550110022005","0.06360078277886498","0.06553004610096226","0.16167554657358074","0.1333758920225257","0.19566052898221586","0.0790021785449235","0.05706515140477405","0.17985158042475227","0.08154231463684548","0.09285607308671559","0.2542438570653438","0.12999939062785643","0.17500734763673284","0.2038470713247891","0.1253297365688299","0.10562076700276575","0.2570694087403599","0.09526957400890479"
"UP000008595_487099.txt","0.18502014879107254","0.4850970194038808","0.25318003913894327","0.2598208845406574","0.34907220282932205","0.21203346936914344","0.380839243911813","0.25735558162361444","0.27804084407857993","0.3143200517703615","0.2941347777971926","0.20667964654785081","0.21393690411596","0.24578009790579108","0.296577337216448","0.35022661722290893","0.2530467062151613","0.22430802064504887","0.3520733206661451","0.17498493185309044"
"UP000008596_928314.txt","0.04940328580285183","0.15003000600120023","0.1479941291585127","0.12186289274915788","0.264559985302223","0.08549736668110622","0.12578176863142448","0.26453759785497116","0.2428304315096768","0.1596813097229109","0.1426990506144796","0.2770705406619739","0.09456631268893885","0.10156202392801283","0.08149197103695192","0.2103528289202611","0.1312978192625837","0.16006446133408828","0.07265005029618866","0.19442770205898935"
"UP000008627_11602.txt","0.21214352138871667","0.4850970194038808","0.2446183953033268","0.25867123460906155","0.33437442586808747","0.23141287248352752","0.3249362356311799","0.3124177060640157","0.3023238872295476","0.2941497810685201","0.2795736501834702","0.2201587539314063","0.22013797380048059","0.28437366699843597","0.21642130013092153","0.32203500097586363","0.2602084054476659","0.2591519850170953","0.31854252822175033","0.2702545058619952"
"UP000008649_103929.txt","0.15499070055796654","0.34506901380276056","0.25073385518590996","0.25867123460906155","0.275583318023149","0.24395248626342309","0.3004786695084029","0.25376457350793613","0.20519171462567687","0.34037331809357324","0.24462694391053647","0.22914482552044332","0.3224556235950702","0.2254676931201885","0.3059288748764261","0.37841823346995423","0.21127012735888467","0.2526187416973366","0.32413099362914943","0.22748041140901756"
"UP000008767_652961.txt","0.2596094234345939","0.610122024404881","0.20792563600782776","0.25177333501948657","0.22046665441851918","0.2895510818266797","0.36686349184165473","0.199899451772761","0.18576528010490276","0.2798625059880491","0.19803133554662472","0.18571214617343118","0.4449267498643516","0.22140521216306797","0.2885617335078954","0.33070934443649297","0.3425679466214684","0.24717437226420436","0.26824633955515814","0.1808177629148601"
"UP000008768_796210.txt","0.031966831990080595","0.020004000800160033","0.028131115459882585","0.031040548153087384","0.040418886643395185","0.06155810401039648","0.07337269836833095","0.025137056809748388","0.03278210825380637","0.036138401674132466","0.034946706272933774","0.032948929159802305","0.06976203395085652","0.0609372143568077","0.020039009271381622","0.049877474898618615","0.052519127705033475","0.033755090485419983","0.050296188666592155","0.05443975657651702"
"UP000008771_928303.txt","0.2722024178549287","0.5201040208041607","0.48556751467710374","0.4518124231171608","0.3453977585890134","0.4320466929618568","0.3983089339995109","0.5422422254674295","0.4480221461353536","0.4630757981964416","0.48051721125283947","0.4747641156207878","0.48523370281373535","0.4814039934187809","0.4395222700189703","0.554073688547698","0.40941047279151094","0.38655022975239006","0.32413099362914943","0.38691112709738884"
"UP000008926_453115.txt","0.1685523868567886","0.3150630126025205","0.26418786692759294","0.22648103652437834","0.2939555392246923","0.23369280226169034","0.27252716536808635","0.28249263843336286","0.256186105242709","0.32272433122946204","0.2679247480924923","0.2246517897259248","0.27439733354003565","0.22749893359874876","0.28321799770219364","0.37841823346995423","0.22678714236264458","0.22539689453167536","0.32971945903654853","0.2527560126766862"
"UP000009070_1283336.txt","2.3277665840049595","3.340668133626725","2.4902152641878668","2.6269500936964696","3.132463714863127","2.448644581746882","2.9034624925753816","2.7411361949678006","3.4736893227459262","2.7154226932353955","3.116081309336595","2.863561479706455","1.7673048600883652","2.5613942434644836","2.1027600395436448","2.877713443063778","2.7739648360567686","2.827805483568893","2.391863194366827","2.8989170376995315"
"UP000009087_10665.txt","3.2509299442033477","2.9455891178235647","4.039872798434442","4.3824655392433005","4.38177475656807","3.614828663277171","3.231892666224101","4.805965861482847","5.308273232801534","3.3331372334792877","4.228551459024986","4.624831511157706","2.863343926827378","3.5790457232231723","3.1073823710155772","3.8351441025307396","3.597560247794793","3.680393736797404","4.263999105845535","4.543775397118582"
"UP000009091_66797.txt","1.8598884066955983","1.8703740748149629","2.912181996086106","3.551268638699516","3.0516259415763365","2.3608672852876134","2.463226302365396","3.4928538938498","4.480221461353537","2.8288804659332536","2.629739647038267","3.556986670660476","1.5688706301837065","2.7827994556275515","1.8809950036070215","2.8061501095135863","2.456462836749066","2.492432326487946","2.2577400245892476","3.410261894114673"
"UP000009092_10679.txt","0.9609423434593924","0.5051010202040408","0.7093933463796477","0.7541703551268639","0.7018188498989527","0.7626365107954675","0.6883057894552951","0.7469296880610949","0.774629076515869","0.8000874045063746","0.78630089114101","0.6634716189905646","0.6495620494535307","0.8023399890313014","0.8603414647179843","0.7308134365580204","0.8319507275092803","0.7339009995862279","0.8159159494802728","0.6105029844652267"
"UP000009251_333760.txt","0.13174209547427154","0.3950790158031606","0.1687866927592955","0.1264614924755412","0.1653499908138894","0.15275529513690977","0.2340938471751511","0.16997438414210816","0.16269638911148343","0.18405372015430257","0.1281379230007572","0.16624232439718437","0.22943957832726147","0.20718652881314617","0.14027306489967137","0.1984256066618958","0.2673701046801705","0.1578867135608354","0.1788308930367721","0.21192619524429843"
"UP000009294_10299.txt","4.678781773093614","3.4656931386277257","2.5048923679060664","2.1348999229734544","2.4232959764835567","3.4404140352477146","3.3611683728730655","1.3119149649278208","0.8256234671329011","3.158328220729996","1.9191566194886132","1.3239478807847835","5.232152546314239","2.394832524222543","4.319074464958452","2.570858543144016","2.7345754902779933","2.946492737211176","2.43657091762602","1.8917815410339667"
"UP000009295_10370.txt","0.22473651580905146","0.10502100420084018","0.08806262230919766","0.087373394801283","0.0349072202829322","0.1892341715875151","0.16421508682435976","0.02753106222020062","0.01578397804812899","0.07059594745644482","0.0465956083639117","0.02695821476711098","0.3829160530191458","0.09140582153521155","0.18168701739386003","0.19517272786415976","0.09548932310006088","0.09364315424987478","0.08382698111098692","0.04471837147356755"
"UP000011235_1283334.txt","2.0410337879727214","0.7501500300060012","1.1020058708414873","0.7610682547164388","0.9884255006430278","1.3953170242356534","0.9119178225778275","0.8486749180053148","0.5706515140477405","1.0362476573071009","0.9988933543013572","0.8551744795566871","1.2929230292225409","1.2573378562287991","1.2370748390199588","0.8381584368833083","1.2162952529870252","1.0954071299462096","1.2965239745165977","0.8438162269360139"
"UP000011237_1283335.txt","1.4685368877867329","0.38507701540308065","0.8769569471624266","0.7760137038271846","0.7073305162594158","1.1023460477417295","0.6708360993675972","0.6703215149266237","0.6313591219251596","0.9152260330960525","0.7950375677092434","0.5526434027257751","0.8092395938299357","1.0176514797586886","1.1288641889544981","0.7243076789625486","0.8355315771255327","0.9494980291382652","0.8550352073320666","0.6260572006299457"
"UP000029742_651733.txt","0.21795567265964041","0.16003200640128026","0.1541095890410959","0.06897899589574974","0.18923387837589564","0.18809420669843369","0.18168477691205756","0.13765531110100307","0.06920667298025789","0.19245799961340315","0.07571786359135652","0.16174928860266585","0.3240058910162003","0.150311795413459","0.14160899885109682","0.26456747554919435","0.2041084281263801","0.16768657854047345","0.20677322007376775","0.1574864386677814"
"UP000029743_1554474.txt","0.20051921884686918","0.28005601120224044","0.1651174168297456","0.12416219261234954","0.20944332169759325","0.1892341715875151","0.18517871492959714","0.11132125158602858","0.12505767222748354","0.16808558918201147","0.1281379230007572","0.14527482402276473","0.2728470661189055","0.17671792163474231","0.15229647046250033","0.2222800511786264","0.2017211950488786","0.22757464230492827","0.2514809433329608","0.16720782377073085"
